[
 {
   "Level": 0,
   "LargeAsteroidCount": 4,
   "MediumAsteroidCount": 2,
   "SmallAsteroidCount": 3,
   "AsteroidSpawnTime": 1,
   "ShipsAdded": 0,
   "AsteroidTopSpeed" : 120,
   "PlayerEnabled" : false,
   "IsLastLevel"	: false
  },
  {
   "Level": 1,
   "LargeAsteroidCount": 4,
   "MediumAsteroidCount": 2,
   "SmallAsteroidCount": 2,
   "AsteroidSpawnTime": 4,
   "ShipsAdded": 0,
   "AsteroidTopSpeed" : 120,
   "PlayerEnabled" : true,
   "IsLastLevel"	: false
 },
 {
   "Level": 2,
   "LargeAsteroidCount": 5,
   "MediumAsteroidCount": 3,
   "SmallAsteroidCount": 3,
   "AsteroidSpawnTime": 2,
   "ShipsAdded": 1,
   "AsteroidTopSpeed" : 120,
   "PlayerEnabled" : true,
   "IsLastLevel"	: false
 },
 {
   "Level": 3,
   "LargeAsteroidCount": 4,
   "MediumAsteroidCount": 8,
   "SmallAsteroidCount": 6,
   "AsteroidSpawnTime": 2,
   "ShipsAdded": 0,
   "AsteroidTopSpeed" : 130,
   "PlayerEnabled" : true,
   "IsLastLevel"	: false
 },
 {
   "Level": 4,
   "LargeAsteroidCount": 4,
   "MediumAsteroidCount": 5,
   "SmallAsteroidCount": 18,
   "AsteroidSpawnTime": 0.5,
   "ShipsAdded": 1,
   "AsteroidTopSpeed" : 130,
   "PlayerEnabled" : true,
   "IsLastLevel"	: true
 }
]
